{
    "porcentajes": {
        "a": 0.12221521903977021,
        "b": 0.014719077563022546,
        "c": 0.036230497085077695,
        "d": 0.053178130889886405,
        "e": 0.13970414331030817,
        "f": 0.004621084482762825,
        "g": 0.010499694000209689,
        "h": 0.012142461798791119,
        "i": 0.05490562771407185,
        "j": 0.006418680860505546,
        "l": 0.05433812611092553,
        "m": 0.027219961426958702,
        "n": 0.06610205032050735,
        "o": 0.0990622508418042,
        "p": 0.021618092755729266,
        "q": 0.019800380853922283,
        "r": 0.06153826460326091,
        "s": 0.07663831800083389,
        "t": 0.0376373646469055,
        "u": 0.04844427756009665,
        "v": 0.010884327202771797,
        "w": 1.2191226705613573e-06,
        "x": 0.00022980462340081584,
        "y": 0.015309132935574243,
        "z": 0.003956662627306885,
        "ñ": 0.002585149622925358
    },
    "totales": {
        "a": 200497,
        "b": 24147,
        "c": 59437,
        "d": 87240,
        "e": 229188,
        "f": 7581,
        "g": 17225,
        "h": 19920,
        "i": 90074,
        "j": 10530,
        "l": 89143,
        "m": 44655,
        "n": 108442,
        "o": 162514,
        "p": 35465,
        "q": 32483,
        "r": 100955,
        "s": 125727,
        "t": 61745,
        "u": 79474,
        "v": 17856,
        "w": 2,
        "x": 377,
        "y": 25115,
        "z": 6491,
        "ñ": 4241
    }
}