{
    "porcentajes": {
        "a": 0.1222088397965167,
        "b": 0.014718162457500978,
        "c": 0.03622824458468901,
        "d": 0.053174824731535404,
        "e": 0.1396972862797493,
        "f": 0.004620797183514097,
        "g": 0.010499041219632018,
        "h": 0.012141706885054851,
        "i": 0.05490404272515491,
        "j": 0.0064182818021901395,
        "k": 0.0,
        "l": 0.054334747834058464,
        "m": 0.027220097694416644,
        "n": 0.06868292956469055,
        "o": 0.09905609200390583,
        "p": 0.02161674872883887,
        "q": 0.01979914983670867,
        "r": 0.061534438683770704,
        "s": 0.07663416281346266,
        "t": 0.03763746277335602,
        "u": 0.04849368472765883,
        "v": 0.010883650509013023,
        "w": 1.2190468760095233e-06,
        "x": 0.00022979033612779512,
        "y": 0.015308181145489588,
        "z": 0.003956416636088907
    },
    "totales": {
        "a": 200499,
        "b": 24147,
        "c": 59437,
        "d": 87240,
        "e": 229191,
        "f": 7581,
        "g": 17225,
        "h": 19920,
        "i": 90077,
        "j": 10530,
        "k": 0,
        "l": 89143,
        "m": 44658,
        "n": 112683,
        "o": 162514,
        "p": 35465,
        "q": 32483,
        "r": 100955,
        "s": 125728,
        "t": 61749,
        "u": 79560,
        "v": 17856,
        "w": 2,
        "x": 377,
        "y": 25115,
        "z": 6491
    }
}